DonationID,DonorID,DonationDate,QuantityDonated
1,64,2024-11-04,3
2,58,2024-09-01,5
3,97,2024-12-24,4
4,99,2024-02-29,1
5,90,2024-07-04,1
6,59,2024-06-15,3
7,80,2024-12-08,5
8,53,2024-03-23,3
9,6,2024-11-05,1
10,72,2024-02-22,5
11,36,2025-01-11,1
12,42,2024-07-10,5
13,73,2024-09-02,3
14,82,2024-06-12,2
15,41,2024-11-09,1
16,2,2024-10-18,2
17,69,2024-01-24,1
18,41,2024-08-10,1
19,2,2024-10-18,1
20,24,2024-06-04,4
21,29,2024-11-11,3
22,84,2024-08-14,1
23,77,2024-04-12,3
24,91,2024-03-08,2
25,4,2024-12-29,3
26,56,2024-09-27,3
27,28,2024-06-09,2
28,34,2024-05-04,5
29,23,2024-12-28,2
30,69,2024-08-30,3
31,2,2024-12-13,2
32,55,2024-07-08,4
33,48,2024-02-22,2
34,89,2024-04-22,2
35,27,2024-03-26,1
36,58,2024-10-27,3
37,17,2024-12-06,4
38,23,2024-11-08,2
39,30,2024-09-24,5
40,38,2024-05-19,5
41,43,2024-03-13,2
42,19,2024-09-02,4
43,86,2024-07-31,2
44,70,2024-03-10,4
45,92,2024-10-22,1
46,51,2024-11-20,5
47,62,2024-02-28,2
48,48,2024-01-23,4
49,92,2024-10-16,1
50,14,2025-01-01,5
51,95,2024-03-14,2
52,74,2024-05-18,5
53,74,2024-11-29,2
54,32,2024-11-29,5
55,88,2024-07-20,3
56,58,2024-05-04,2
57,1,2024-01-27,2
58,42,2024-02-08,4
59,3,2024-08-24,2
60,80,2024-04-05,1
61,71,2024-03-09,1
62,92,2024-06-27,3
63,77,2024-04-17,4
64,67,2024-10-28,2
65,82,2024-04-26,1
66,5,2024-06-03,1
67,17,2024-02-25,2
68,67,2024-02-25,5
69,22,2024-08-07,4
70,53,2024-10-08,1
71,21,2024-07-23,5
72,63,2024-05-18,4
73,94,2024-07-05,3
74,40,2024-01-15,5
75,90,2024-08-29,4
76,20,2024-07-24,3
77,94,2024-01-17,3
78,19,2024-11-05,5
79,71,2024-05-06,2
80,94,2025-01-10,1
81,2,2024-09-24,5
82,84,2024-08-20,2
83,25,2024-03-08,3
84,37,2024-07-02,2
85,46,2024-02-12,2
86,41,2024-03-05,3
87,83,2025-01-05,5
88,12,2024-12-08,5
89,41,2024-08-28,2
90,27,2024-03-31,2
91,85,2024-10-09,4
92,1,2024-05-18,2
93,6,2024-04-19,2
94,80,2024-04-12,3
95,99,2025-01-06,3
96,59,2024-03-31,4
97,73,2024-12-08,4
98,11,2024-11-14,4
99,63,2024-09-03,1
100,36,2024-05-08,4
101,61,2024-10-31,4
102,1,2024-07-24,2
103,79,2024-09-29,3
104,26,2024-10-13,4
105,4,2024-10-10,4
106,36,2024-05-27,4
107,63,2024-11-17,5
108,93,2024-03-27,4
109,42,2024-11-01,4
110,63,2024-06-02,2
111,36,2024-02-10,5
112,18,2024-08-07,5
113,70,2024-06-05,1
114,75,2024-04-15,4
115,3,2025-01-05,4
116,87,2024-01-15,2
117,18,2024-06-18,2
118,26,2024-02-19,3
119,73,2024-09-28,1
120,57,2024-04-22,3
121,45,2024-09-28,4
122,29,2024-11-21,3
123,61,2024-03-17,3
124,78,2024-04-05,3
125,91,2024-03-22,5
126,99,2024-08-10,2
127,20,2024-03-08,1
128,66,2024-11-28,2
129,53,2024-08-25,4
130,19,2024-02-15,3
131,31,2024-06-07,4
132,12,2024-12-07,5
133,93,2024-12-14,1
134,43,2024-11-21,1
135,95,2024-06-09,1
136,25,2024-05-20,4
137,39,2024-10-08,3
138,2,2024-06-16,4
139,35,2024-04-18,5
140,32,2024-04-01,3
141,41,2024-06-30,4
142,85,2024-03-18,1
143,4,2024-12-25,3
144,36,2024-02-05,4
145,4,2024-05-07,5
146,15,2024-05-12,5
147,33,2024-04-10,1
148,77,2024-01-30,3
149,37,2024-06-05,2
150,51,2024-07-17,4
151,77,2024-06-26,5
152,80,2024-08-23,5
153,55,2024-06-13,5
154,28,2024-02-09,5
155,50,2024-07-24,3
156,23,2024-01-29,2
157,25,2024-12-26,4
158,76,2024-08-11,3
159,72,2024-09-11,3
160,90,2024-03-25,4
161,19,2024-12-05,4
162,27,2024-08-27,1
163,5,2024-09-22,2
164,86,2024-12-04,1
165,13,2024-09-05,3
166,92,2024-12-10,2
167,99,2024-06-09,3
168,79,2024-07-30,3
169,70,2024-12-29,1
170,81,2024-02-01,5
171,44,2024-10-26,1
172,2,2024-04-27,4
173,67,2024-04-26,4
174,99,2024-07-29,4
175,92,2024-10-10,1
176,94,2024-06-23,5
177,83,2024-04-07,3
178,33,2024-12-09,5
179,70,2024-06-10,5
180,74,2024-06-10,2
181,41,2024-06-17,1
182,19,2024-09-27,3
183,67,2024-03-18,5
184,100,2024-08-03,5
185,24,2024-10-02,5
186,29,2024-08-15,2
187,76,2024-05-20,1
188,59,2024-01-27,1
189,75,2025-01-05,3
190,77,2024-11-14,4
191,36,2024-05-27,3
192,62,2024-07-01,1
193,36,2024-12-19,5
194,72,2024-05-11,3
195,44,2024-12-19,5
196,100,2024-12-19,4
197,39,2024-08-22,1
198,47,2024-12-06,3
199,77,2024-06-05,4
200,88,2024-04-03,3
